bus_id,route_id
0,0
1,0
10,0
100,0
1000,2
10000,19
10001,19
10002,19
10003,19
10004,19
10005,19
10006,19
10007,19
10008,19
10009,19
1001,2
10010,19
10011,19
10012,19
10013,19
10014,19
10015,19
10016,19
10017,19
10018,19
10019,19
1002,2
10020,19
10021,19
10022,19
10023,19
10024,19
10025,19
10026,19
10027,19
10028,19
10029,19
1003,2
10030,19
10031,19
10032,19
10033,19
10034,19
10035,19
10036,19
10037,19
10038,19
10039,19
1004,2
10040,19
10041,19
10042,19
10043,19
10044,19
10045,19
10046,19
10047,19
10048,19
10049,19
1005,2
10050,19
10051,19
10052,19
10053,19
10054,19
10055,19
10056,19
10057,19
10058,19
1006,2
1007,2
1008,2
1009,2
101,0
1010,2
1011,2
1012,2
1013,2
1014,2
1015,2
1016,2
1017,2
1018,2
10186,20
10187,20
10188,20
10189,20
1019,2
10190,20
10191,20
10192,20
10193,20
10194,20
10195,20
10196,20
10197,20
10198,20
10199,20
102,0
1020,2
10200,20
10201,20
10202,20
10203,20
10204,20
10205,20
10206,20
10207,20
10208,20
10209,20
1021,2
10210,20
10211,20
10212,20
10213,20
10214,20
10215,20
10216,20
10217,20
10218,20
10219,20
1022,2
10220,20
10221,20
10222,20
10223,20
10224,20
10225,20
10226,20
10227,20
10228,20
10229,20
1023,2
10230,20
10231,20
10232,20
10233,20
10234,20
10235,20
10236,20
10237,20
10238,20
10239,20
1024,2
10240,20
10241,20
10242,20
10243,20
10244,20
10245,20
10246,20
10247,20
10248,20
10249,20
1025,2
10250,20
10251,20
10252,20
10253,20
10254,20
10255,20
10256,20
10257,20
10258,20
10259,20
1026,2
10260,20
10261,20
10262,20
10263,20
10264,20
10265,20
10266,20
10267,20
10268,20
10269,20
1027,2
10270,20
10271,20
10272,20
10273,20
10274,20
10275,20
10276,20
10277,20
10278,20
10279,20
1028,2
10280,20
10281,20
10282,20
10283,20
10284,20
10285,20
10286,20
10287,20
10288,20
10289,20
1029,2
10290,20
10291,20
10292,20
10293,20
10294,20
10295,20
10296,20
10297,20
10298,20
10299,20
103,0
1030,2
10300,20
10301,20
10302,20
10303,20
10304,20
10305,20
10306,20
10307,20
10308,20
10309,20
1031,2
10310,20
10311,20
10312,20
10313,20
10314,20
10315,20
10316,20
10317,20
10318,20
10319,20
1032,2
10320,20
10321,20
10322,20
10323,20
10324,20
10325,20
10326,20
10327,20
10328,20
10329,20
1033,2
10330,20
10331,20
10332,20
10333,20
10334,20
10335,20
10336,20
10337,20
10338,20
10339,20
1034,2
10340,20
10341,20
10342,20
10343,20
10344,20
10345,20
10346,20
10347,20
10348,20
10349,20
1035,2
10350,20
10351,20
10352,20
10353,20
10354,20
10355,20
10356,20
10357,20
10358,20
10359,20
1036,2
10360,20
10361,20
10362,20
10363,20
10364,20
10365,20
10366,20
10367,20
10368,20
10369,20
1037,2
10370,20
10371,20
10372,20
10373,20
10374,20
10375,20
10376,20
10377,20
10378,20
10379,20
1038,2
10380,20
10381,20
10382,20
1039,2
104,0
1040,2
1041,2
1042,2
1043,2
1044,2
1045,2
1046,2
1047,2
1048,2
1049,2
105,0
1050,2
1051,2
1052,2
1053,2
1054,2
1055,2
1056,2
1057,2
1058,2
1059,2
106,0
107,0
10736,21
10737,21
10738,21
10739,21
10740,21
10741,21
10742,21
10743,21
10744,21
10745,21
10746,21
10747,21
10748,21
10749,21
10750,21
10751,21
10752,21
10753,21
10754,21
10755,21
10756,21
10757,21
10758,21
10759,21
10760,21
10761,21
10762,21
10763,21
10764,21
10765,21
10766,21
10767,21
10768,21
10769,21
10770,21
10771,21
10772,21
10773,21
10774,21
10775,21
10776,21
10777,21
10778,21
10779,21
10780,21
10781,21
10782,21
10783,21
10784,21
10785,21
10786,21
10787,21
10788,21
10789,21
10790,21
10791,21
10792,21
10793,21
10794,21
10795,21
10796,21
10797,21
10798,21
10799,21
108,0
10800,21
10801,21
10802,21
10803,21
10804,21
10805,21
10806,21
10807,21
10808,21
10809,21
10810,21
10811,21
10812,21
10813,21
10814,21
10815,21
10816,21
10817,21
10818,21
10819,21
10820,21
10821,21
10822,21
10823,21
10824,21
10825,21
10826,21
10827,21
10828,21
10829,21
10830,21
10831,21
10832,21
10833,21
10834,21
10835,21
10836,21
10837,21
10838,21
10839,21
10840,21
10841,21
10842,21
10843,21
10844,21
10845,21
10846,21
10847,21
10848,21
10849,21
10850,21
10851,21
10852,21
10853,21
10854,21
10855,21
10856,21
10857,21
10858,21
10859,21
10860,21
10861,21
10862,21
10863,21
10864,21
10865,21
10866,21
10867,21
10868,21
10869,21
10870,21
10871,21
10872,21
10873,21
10874,21
10875,21
10876,21
10877,21
10878,21
10879,21
10880,21
10881,21
10882,21
10883,21
10884,21
10885,21
10886,21
10887,21
10888,21
10889,21
10890,21
10891,21
10892,21
10893,21
10894,21
10895,21
10896,21
10897,21
10898,21
10899,21
109,0
10900,21
10901,21
10902,21
10903,21
10904,21
10905,21
10906,21
10907,21
10908,21
10909,21
10910,21
10911,21
10912,21
10913,21
10914,21
10915,21
10916,21
10917,21
10918,21
10919,21
10920,21
10921,21
10922,21
10923,21
10924,21
10925,21
10926,21
10927,21
10928,21
10929,21
10930,21
10931,21
10932,21
10933,21
10934,21
10935,21
10936,21
10937,21
10938,21
10939,21
10940,21
10941,21
10942,21
10943,21
10944,21
10945,21
10946,21
10947,21
10948,21
10949,21
10950,21
10951,21
10952,21
10953,21
10954,21
10955,21
10956,21
10957,21
10958,21
10959,21
10960,21
10961,21
10962,21
10963,21
10964,21
10965,21
10966,21
10967,21
10968,21
10969,21
11441,22
11442,22
11443,22
11444,22
11445,22
11446,22
11447,22
11448,22
11449,22
11450,22
11451,22
11452,22
11453,22
11454,22
11455,22
11456,22
11457,22
11458,22
11459,22
11460,22
11461,22
11462,22
11463,22
11464,22
11465,22
11466,22
11467,22
11468,22
11469,22
11470,22
11471,22
11472,22
11473,22
11474,22
11475,22
11476,22
11477,22
11478,22
11479,22
11480,22
11481,22
11482,22
11483,22
11484,22
11485,22
11486,22
11487,22
11488,22
11489,22
11490,22
11491,22
11492,22
11493,22
11494,22
11495,22
11496,22
11497,22
11498,22
11499,22
11500,22
11501,22
11502,22
11503,22
11504,22
11505,22
11506,22
11507,22
11508,22
11509,22
11510,22
11511,22
11512,22
11513,22
11514,22
11515,22
11516,22
11517,22
11518,22
11519,22
11520,22
11521,22
11522,22
11523,22
11524,22
11525,22
11526,22
11527,22
11528,22
11529,22
11530,22
11531,22
11532,22
11533,22
11534,22
11535,22
11536,22
11537,22
11538,22
11539,22
11540,22
11541,22
11542,22
11543,22
11544,22
11545,22
11546,22
11547,22
11548,22
11549,22
11550,22
11551,22
11552,22
11553,22
11554,22
11555,22
11556,22
11557,22
11558,22
11559,22
11560,22
11561,22
11562,22
11563,22
11564,22
11565,22
11566,22
11567,22
11568,22
11569,22
11570,22
11571,22
11572,22
11573,22
11574,22
11575,22
11576,22
11577,22
11578,22
11579,22
11580,22
11581,22
11582,22
11583,22
11584,22
11585,22
11586,22
11587,22
11588,22
11589,22
11590,22
11591,22
11592,22
11593,22
11594,22
11595,22
11596,22
11597,22
11598,22
11599,22
11600,22
11601,22
11602,22
11603,22
11604,22
11605,22
11606,22
11607,22
11608,22
11609,22
11610,22
11611,22
11612,22
11613,22
11614,22
11615,22
11616,22
11617,22
11618,22
11619,22
11620,22
11621,22
11622,22
11623,22
11624,22
11625,22
11626,22
11627,22
11628,22
11629,22
11630,22
11631,22
11632,22
11633,22
11634,22
11635,22
11636,22
11637,22
11638,22
11639,22
11640,22
11641,22
11642,22
11643,22
11644,22
11645,22
11646,22
11647,22
11648,22
11649,22
11650,22
11651,22
11652,22
11653,22
11654,22
11655,22
11656,22
11657,22
11658,22
11659,22
11660,22
11661,22
11662,22
11663,22
11664,22
11665,22
11666,22
11667,22
11668,22
11669,22
11670,22
11671,22
11672,22
11673,22
11674,22
11675,22
11676,22
11677,22
11678,22
11679,22
12423,23
12424,23
12425,23
12426,23
12427,23
12428,23
12429,23
12430,23
12431,23
12432,23
12433,23
12434,23
12435,23
12436,23
12437,23
12438,23
12439,23
12440,23
12441,23
12442,23
12443,23
12444,23
12445,23
12446,23
12447,23
12448,23
12449,23
12450,23
12451,23
12452,23
12453,23
12454,23
12455,23
12456,23
12457,23
12458,23
12459,23
12460,23
12461,23
12462,23
12463,23
12464,23
12465,23
12466,23
12467,23
12468,23
12469,23
12470,23
12471,23
12472,23
12473,23
12474,23
12475,23
12476,23
12477,23
12478,23
12479,23
12480,23
12481,23
12482,23
12483,23
12484,23
12485,23
12486,23
12487,23
12488,23
12489,23
12490,23
12491,23
12492,23
12493,23
12494,23
12495,23
12496,23
12497,23
12498,23
12499,23
12500,23
12501,23
12502,23
12503,23
12504,23
12505,23
12506,23
12507,23
12508,23
12509,23
12510,23
12511,23
12512,23
12513,23
12514,23
12515,23
12516,23
12517,23
12518,23
12519,23
12520,23
12521,23
12522,23
12523,23
12524,23
12525,23
12526,23
12527,23
12528,23
12529,23
12530,23
12531,23
12532,23
12533,23
12534,23
12535,23
12536,23
12537,23
12538,23
12539,23
12540,23
12541,23
12542,23
12543,23
12544,23
12545,23
12546,23
12547,23
12548,23
12549,23
12550,23
12551,23
12552,23
12553,23
12554,23
12555,23
12556,23
12557,23
12558,23
12559,23
12560,23
12561,23
12562,23
12563,23
12564,23
12565,23
12566,23
12567,23
12568,23
12569,23
12570,23
12571,23
12572,23
12573,23
12574,23
12575,23
12576,23
12577,23
12578,23
12579,23
12580,23
12581,23
12582,23
12583,23
12584,23
12585,23
12586,23
12587,23
12588,23
12589,23
12590,23
12591,23
12592,23
12593,23
12594,23
12595,23
12596,23
12597,23
12598,23
12599,23
12600,23
12601,23
12602,23
12603,23
12604,23
12605,23
12606,23
12607,23
12608,23
12942,24
12943,24
12944,24
12945,24
12946,24
12947,24
12948,24
12949,24
12950,24
12951,24
12952,24
12953,24
12954,24
12955,24
12956,24
12957,24
12958,24
12959,24
12960,24
12961,24
12962,24
12963,24
12964,24
12965,24
12966,24
12967,24
12968,24
12969,24
12970,24
12971,24
12972,24
12973,24
12974,24
12975,24
12976,24
12977,24
12978,24
12979,24
12980,24
12981,24
12982,24
12983,24
12984,24
12985,24
12986,24
12987,24
12988,24
12989,24
12990,24
12991,24
12992,24
12993,24
12994,24
12995,24
12996,24
12997,24
12998,24
12999,24
13000,24
13001,24
13002,24
13003,24
13004,24
13005,24
13006,24
13007,24
13008,24
13009,24
13010,24
13011,24
13012,24
13013,24
13014,24
13015,24
13016,24
13017,24
13018,24
13019,24
13020,24
13021,24
13022,24
13023,24
13024,24
13025,24
13026,24
13027,24
13028,24
13029,24
13030,24
13031,24
13032,24
13033,24
13034,24
13035,24
13036,24
13037,24
13038,24
13039,24
13040,24
13041,24
13042,24
13043,24
13044,24
13045,24
13046,24
13047,24
13048,24
13049,24
13050,24
13051,24
13052,24
13053,24
13054,24
13055,24
13056,24
13057,24
13058,24
13059,24
13060,24
13061,24
13062,24
13063,24
13064,24
13065,24
13066,24
13067,24
13068,24
13069,24
13070,24
13071,24
13072,24
13073,24
13074,24
13075,24
13076,24
13077,24
13078,24
13079,24
13080,24
13081,24
13082,24
13083,24
13084,24
13085,24
13086,24
13087,24
13088,24
13089,24
13090,24
13091,24
13092,24
13093,24
13094,24
13095,24
13096,24
13097,24
13098,24
13099,24
13100,24
13101,24
13102,24
13103,24
13104,24
13105,24
13106,24
13107,24
13108,24
13109,24
13110,24
13111,24
13112,24
13113,24
13114,24
13115,24
13116,24
13117,24
13118,24
13119,24
13120,24
13121,24
13122,24
13123,24
13124,24
13125,24
13455,25
13456,25
13457,25
13458,25
13459,25
13460,25
13461,25
13462,25
13463,25
13464,25
13465,25
13466,25
13467,25
13468,25
13469,25
13470,25
13471,25
13472,25
13473,25
13474,25
13475,25
13476,25
13477,25
13478,25
13479,25
13480,25
13481,25
13482,25
13483,25
13484,25
13485,25
13486,25
13487,25
13488,25
13489,25
13490,25
13491,25
13492,25
13493,25
13494,25
13495,25
13496,25
13497,25
13498,25
13499,25
13500,25
13501,25
13502,25
13503,25
13504,25
13505,25
13506,25
13507,25
13508,25
13509,25
13510,25
13511,25
13512,25
13513,25
13514,25
13515,25
13516,25
13517,25
13518,25
13519,25
13520,25
13521,25
13522,25
13523,25
13524,25
13525,25
13526,25
13527,25
13528,25
13529,25
13530,25
13531,25
13532,25
13533,25
13534,25
13535,25
13536,25
13537,25
13538,25
13539,25
13540,25
13541,25
13542,25
13543,25
13544,25
13545,25
13546,25
13547,25
13548,25
13549,25
13550,25
13551,25
13552,25
13553,25
13554,25
13555,25
13556,25
13557,25
13558,25
13559,25
13560,25
13561,25
13772,26
13773,26
13774,26
13775,26
13776,26
13777,26
13778,26
13779,26
13780,26
13781,26
13782,26
13783,26
13784,26
13785,26
13786,26
13787,26
13788,26
13789,26
13790,26
13791,26
13792,26
13793,26
13794,26
13795,26
13796,26
13797,26
13798,26
13799,26
13800,26
13801,26
13802,26
13803,26
13804,26
13805,26
13806,26
13807,26
13808,26
13809,26
13810,26
13811,26
13812,26
13813,26
13814,26
13815,26
13816,26
13817,26
13818,26
13819,26
13820,26
13821,26
13822,26
13823,26
13824,26
13825,26
13826,26
13827,26
13828,26
13829,26
13830,26
13831,26
13832,26
13833,26
13834,26
13835,26
13836,26
13837,26
13838,26
13839,26
13840,26
13841,26
13842,26
13843,26
13844,26
13845,26
13846,26
13847,26
13848,26
13849,26
13850,26
13851,26
13852,26
13853,26
13854,26
13855,26
13856,26
13857,26
13858,26
13859,26
13860,26
13861,26
13862,26
13863,26
13864,26
13865,26
13866,26
13867,26
13868,26
13869,26
13870,26
13871,26
13872,26
13873,26
13874,26
13875,26
13876,26
13877,26
14087,27
14088,27
14089,27
14090,27
14091,27
14092,27
14093,27
14094,27
14095,27
14096,27
14097,27
14098,27
14099,27
14100,27
14101,27
14102,27
14103,27
14104,27
14105,27
14106,27
14107,27
14108,27
14109,27
14110,27
14111,27
14112,27
14113,27
14114,27
14115,27
14116,27
14117,27
14118,27
14119,27
14120,27
14121,27
14122,27
14123,27
14124,27
14125,27
14126,27
14127,27
14128,27
14129,27
14130,27
14131,27
14132,27
14133,27
14134,27
14135,27
14136,27
14137,27
14138,27
14139,27
14140,27
14141,27
14142,27
14143,27
14144,27
14145,27
14146,27
14147,27
14148,27
14149,27
14150,27
14151,27
14152,27
14153,27
14154,27
14155,27
14156,27
14157,27
14158,27
14159,27
14160,27
14161,27
14162,27
14163,27
14164,27
14165,27
14166,27
14167,27
14168,27
14169,27
14170,27
14171,27
14172,27
14173,27
14174,27
14175,27
14176,27
14177,27
14178,27
14179,27
14180,27
14181,27
14182,27
14183,27
14184,27
14185,27
14186,27
14187,27
14188,27
14189,27
14190,27
14191,27
14192,27
14193,27
14194,27
14195,27
14196,27
14197,27
14198,27
14199,27
1420,3
14200,27
14201,27
14202,27
14203,27
14204,27
14205,27
14206,27
14207,27
14208,27
14209,27
1421,3
14210,27
14211,27
14212,27
14213,27
14214,27
14215,27
14216,27
14217,27
1422,3
1423,3
1424,3
1425,3
1426,3
1427,3
1428,3
1429,3
1430,3
1431,3
1432,3
1433,3
1434,3
1435,3
1436,3
1437,3
1438,3
1439,3
1440,3
1441,3
1442,3
1443,3
1444,3
14446,28
14447,28
14448,28
14449,28
1445,3
14450,28
14451,28
14452,28
14453,28
14454,28
14455,28
14456,28
14457,28
14458,28
14459,28
1446,3
14460,28
14461,28
14462,28
14463,28
14464,28
14465,28
14466,28
14467,28
14468,28
14469,28
1447,3
14470,28
14471,28
14472,28
14473,28
14474,28
14475,28
14476,28
14477,28
14478,28
14479,28
1448,3
14480,28
14481,28
14482,28
14483,28
14484,28
14485,28
14486,28
14487,28
14488,28
14489,28
1449,3
14490,28
14491,28
14492,28
14493,28
14494,28
14495,28
14496,28
14497,28
14498,28
14499,28
1450,3
14500,28
14501,28
14502,28
14503,28
14504,28
14505,28
14506,28
14507,28
14508,28
14509,28
1451,3
14510,28
14511,28
14512,28
14513,28
14514,28
14515,28
14516,28
14517,28
14518,28
14519,28
1452,3
14520,28
14521,28
14522,28
14523,28
14524,28
14525,28
14526,28
14527,28
14528,28
14529,28
1453,3
14530,28
14531,28
14532,28
14533,28
14534,28
14535,28
14536,28
14537,28
14538,28
14539,28
1454,3
14540,28
14541,28
14542,28
14543,28
14544,28
14545,28
14546,28
14547,28
14548,28
14549,28
1455,3
14550,28
14551,28
14552,28
14553,28
14554,28
14555,28
14556,28
14557,28
14558,28
14559,28
1456,3
14560,28
14561,28
14562,28
14563,28
14564,28
14565,28
14566,28
14567,28
14568,28
14569,28
1457,3
14570,28
14571,28
14572,28
14573,28
14574,28
14575,28
14576,28
14577,28
14578,28
1458,3
1459,3
1460,3
1461,3
1462,3
1463,3
1464,3
1465,3
1466,3
1467,3
1468,3
1469,3
1470,3
1471,3
1472,3
1473,3
1474,3
1475,3
1476,3
1477,3
1478,3
1479,3
1480,3
1481,3
14810,29
14811,29
14812,29
14813,29
14814,29
14815,29
14816,29
14817,29
14818,29
14819,29
1482,3
14820,29
14821,29
14822,29
14823,29
14824,29
14825,29
14826,29
14827,29
14828,29
14829,29
1483,3
14830,29
14831,29
14832,29
14833,29
14834,29
14835,29
14836,29
14837,29
14838,29
14839,29
1484,3
14840,29
14841,29
14842,29
14843,29
14844,29
14845,29
14846,29
14847,29
14848,29
14849,29
1485,3
14850,29
14851,29
14852,29
14853,29
14854,29
14855,29
14856,29
14857,29
14858,29
14859,29
1486,3
14860,29
14861,29
14862,29
14863,29
14864,29
14865,29
14866,29
14867,29
14868,29
14869,29
1487,3
14870,29
14871,29
14872,29
14873,29
14874,29
14875,29
14876,29
14877,29
14878,29
14879,29
1488,3
14880,29
14881,29
14882,29
14883,29
14884,29
14885,29
14886,29
14887,29
14888,29
14889,29
1489,3
14890,29
14891,29
14892,29
14893,29
14894,29
14895,29
14896,29
14897,29
14898,29
14899,29
1490,3
14900,29
14901,29
14902,29
14903,29
14904,29
14905,29
14906,29
14907,29
14908,29
14909,29
1491,3
14910,29
14911,29
14912,29
14913,29
14914,29
14915,29
14916,29
14917,29
14918,29
14919,29
1492,3
14920,29
14921,29
14922,29
14923,29
14924,29
14925,29
14926,29
14927,29
14928,29
14929,29
1493,3
14930,29
14931,29
14932,29
14933,29
14934,29
14935,29
14936,29
14937,29
14938,29
14939,29
1494,3
14940,29
14941,29
14942,29
14943,29
14944,29
14945,29
14946,29
14947,29
14948,29
14949,29
1495,3
14950,29
14951,29
14952,29
14953,29
14954,29
14955,29
14956,29
14957,29
14958,29
14959,29
1496,3
14960,29
14961,29
14962,29
14963,29
14964,29
14965,29
14966,29
14967,29
14968,29
14969,29
1497,3
14970,29
14971,29
14972,29
14973,29
14974,29
14975,29
14976,29
14977,29
14978,29
14979,29
1498,3
14980,29
14981,29
14982,29
14983,29
14984,29
14985,29
14986,29
14987,29
14988,29
14989,29
1499,3
14990,29
14991,29
1500,3
1501,3
1502,3
1503,3
1504,3
1505,3
1506,3
1507,3
1508,3
1509,3
1510,3
1511,3
1512,3
1513,3
1514,3
1515,3
1516,3
1517,3
1518,3
1519,3
1520,3
1521,3
1522,3
1523,3
1524,3
1525,3
1526,3
1527,3
1528,3
1529,3
1530,3
1531,3
1532,3
1533,3
1534,3
1535,3
15351,30
15352,30
15353,30
15354,30
15355,30
15356,30
15357,30
15358,30
15359,30
1536,3
15360,30
15361,30
15362,30
15363,30
15364,30
15365,30
15366,30
15367,30
15368,30
15369,30
1537,3
15370,30
15371,30
15372,30
15373,30
15374,30
15375,30
15376,30
15377,30
15378,30
15379,30
1538,3
15380,30
15381,30
15382,30
15383,30
15384,30
15385,30
15386,30
15387,30
15388,30
15389,30
1539,3
15390,30
15391,30
15392,30
15393,30
15394,30
15395,30
15396,30
15397,30
15398,30
15399,30
1540,3
15400,30
15401,30
15402,30
15403,30
15404,30
15405,30
15406,30
15407,30
15408,30
15409,30
1541,3
15410,30
15411,30
15412,30
15413,30
15414,30
15415,30
15416,30
15417,30
15418,30
15419,30
1542,3
15420,30
15421,30
15422,30
15423,30
15424,30
15425,30
15426,30
15427,30
15428,30
15429,30
1543,3
15430,30
15431,30
15432,30
15433,30
15434,30
15435,30
15436,30
15437,30
15438,30
15439,30
1544,3
15440,30
15441,30
15442,30
15443,30
15444,30
15445,30
15446,30
15447,30
15448,30
15449,30
1545,3
15450,30
15451,30
15452,30
15453,30
15454,30
15455,30
15456,30
15457,30
15458,30
15459,30
1546,3
15460,30
15461,30
15462,30
15463,30
15464,30
15465,30
15466,30
15467,30
15468,30
15469,30
1547,3
15470,30
15471,30
15472,30
15473,30
15474,30
15475,30
15476,30
15477,30
15478,30
15479,30
1548,3
15480,30
15481,30
15482,30
15483,30
15484,30
15485,30
15486,30
15487,30
15488,30
15489,30
1549,3
15490,30
15491,30
15492,30
15493,30
15494,30
15495,30
15496,30
15497,30
15498,30
15499,30
1550,3
15500,30
15501,30
15502,30
15503,30
15504,30
15505,30
15506,30
15507,30
15508,30
15509,30
1551,3
15510,30
15511,30
15512,30
15513,30
15514,30
15515,30
15516,30
15517,30
15518,30
15519,30
1552,3
15520,30
15521,30
15522,30
15523,30
15524,30
15525,30
1553,3
1554,3
1555,3
1556,3
1557,3
1558,3
1559,3
1560,3
1561,3
1562,3
1563,3
1564,3
1565,3
1566,3
1567,3
1568,3
1569,3
1570,3
1571,3
1572,3
1573,3
1574,3
1575,3
1576,3
1577,3
1578,3
1579,3
1580,3
1581,3
1582,3
1583,3
1584,3
1585,3
1586,3
1587,3
15876,31
15877,31
15878,31
15879,31
1588,3
15880,31
15881,31
15882,31
15883,31
15884,31
15885,31
15886,31
15887,31
15888,31
15889,31
1589,3
15890,31
15891,31
15892,31
15893,31
15894,31
15895,31
15896,31
15897,31
15898,31
15899,31
1590,3
15900,31
15901,31
15902,31
15903,31
15904,31
15905,31
15906,31
15907,31
15908,31
15909,31
1591,3
15910,31
15911,31
15912,31
15913,31
15914,31
15915,31
15916,31
15917,31
15918,31
15919,31
1592,3
15920,31
15921,31
15922,31
15923,31
15924,31
15925,31
15926,31
15927,31
15928,31
15929,31
1593,3
15930,31
15931,31
15932,31
15933,31
15934,31
15935,31
15936,31
15937,31
15938,31
15939,31
1594,3
15940,31
15941,31
15942,31
15943,31
15944,31
15945,31
15946,31
15947,31
15948,31
15949,31
1595,3
15950,31
15951,31
15952,31
1596,3
1597,3
1598,3
1599,3
1600,3
1601,3
1602,3
1603,3
1604,3
1605,3
1606,3
1607,3
1608,3
1609,3
1610,3
16107,32
16108,32
16109,32
1611,3
16110,32
16111,32
16112,32
16113,32
16114,32
16115,32
16116,32
16117,32
16118,32
16119,32
1612,3
16120,32
16121,32
16122,32
16123,32
16124,32
16125,32
16126,32
16127,32
16128,32
16129,32
1613,3
16130,32
16131,32
16132,32
16133,32
16134,32
16135,32
16136,32
16137,32
16138,32
16139,32
1614,3
16140,32
16141,32
16142,32
16143,32
16144,32
16145,32
16146,32
16147,32
16148,32
16149,32
1615,3
16150,32
16151,32
16152,32
16153,32
16154,32
16155,32
16156,32
16157,32
16158,32
16159,32
1616,3
16160,32
16161,32
16162,32
16163,32
16164,32
16165,32
16166,32
16167,32
16168,32
16169,32
1617,3
16170,32
16171,32
16172,32
16173,32
16174,32
16175,32
16176,32
16177,32
16178,32
16179,32
1618,3
16180,32
16181,32
16182,32
16183,32
16184,32
16185,32
16186,32
16187,32
16188,32
16189,32
1619,3
16190,32
16191,32
16192,32
16193,32
16194,32
16195,32
16196,32
16197,32
16198,32
16199,32
1620,3
16200,32
16201,32
16202,32
16203,32
16204,32
16205,32
16206,32
16207,32
16208,32
16209,32
1621,3
16210,32
16211,32
16212,32
16213,32
16214,32
16215,32
16216,32
16217,32
16218,32
16219,32
1622,3
16220,32
1623,3
1624,3
1625,3
1626,3
1627,3
1628,3
1629,3
1630,3
1631,3
1632,3
1633,3
1634,3
1635,3
1636,3
1637,3
1638,3
1639,3
1640,3
1641,3
1642,3
1643,3
1644,3
16449,33
1645,3
16450,33
16451,33
16452,33
16453,33
16454,33
16455,33
16456,33
16457,33
16458,33
16459,33
1646,3
16460,33
16461,33
16462,33
16463,33
16464,33
16465,33
16466,33
16467,33
16468,33
16469,33
1647,3
16470,33
16471,33
16472,33
16473,33
16474,33
16475,33
16476,33
16477,33
16478,33
16479,33
1648,3
16480,33
16481,33
16482,33
16483,33
16484,33
16485,33
16486,33
16487,33
16488,33
16489,33
1649,3
16490,33
16491,33
16492,33
16493,33
16494,33
16495,33
16496,33
16497,33
16498,33
16499,33
1650,3
16500,33
16501,33
16502,33
16503,33
16504,33
16505,33
16506,33
16507,33
16508,33
16509,33
1651,3
16510,33
16511,33
16512,33
16513,33
16514,33
16515,33
16516,33
16517,33
16518,33
16519,33
1652,3
16520,33
16521,33
16522,33
16523,33
16524,33
16525,33
16526,33
16527,33
16528,33
16529,33
1653,3
16530,33
16531,33
16532,33
16533,33
16534,33
16535,33
16536,33
16537,33
16538,33
16539,33
1654,3
16540,33
16541,33
16542,33
16543,33
16544,33
16545,33
16546,33
16547,33
16548,33
16549,33
1655,3
16550,33
16551,33
16552,33
16553,33
16554,33
16555,33
16556,33
16557,33
16558,33
16559,33
1656,3
16560,33
16561,33
16562,33
16563,33
16564,33
16565,33
16566,33
16567,33
16568,33
16569,33
1657,3
16570,33
16571,33
16572,33
16573,33
16574,33
16575,33
16576,33
16577,33
16578,33
16579,33
1658,3
16580,33
16581,33
16582,33
16583,33
16584,33
16585,33
16586,33
16587,33
16588,33
16589,33
1659,3
16590,33
16591,33
16592,33
16593,33
16594,33
16595,33
16596,33
16597,33
16598,33
16599,33
1660,3
16600,33
16601,33
16602,33
16603,33
16604,33
16605,33
16606,33
16607,33
16608,33
16609,33
1661,3
16610,33
16611,33
16612,33
16613,33
16614,33
16615,33
16616,33
16617,33
16618,33
16619,33
1662,3
16620,33
16621,33
16622,33
16623,33
16624,33
16625,33
16626,33
16627,33
16628,33
1663,3
1664,3
1665,3
1666,3
1667,3
1668,3
1669,3
1670,3
16989,34
16990,34
16991,34
16992,34
16993,34
16994,34
16995,34
16996,34
16997,34
16998,34
16999,34
17000,34
17001,34
17002,34
17003,34
17004,34
17005,34
17006,34
17007,34
17008,34
17009,34
17010,34
17011,34
17012,34
17013,34
17014,34
17015,34
17016,34
17017,34
17018,34
17019,34
17020,34
17021,34
17022,34
17023,34
17024,34
17025,34
17026,34
17027,34
17028,34
17029,34
17030,34
17031,34
17032,34
17033,34
17034,34
17035,34
17036,34
17037,34
17038,34
17039,34
17040,34
17041,34
17042,34
17043,34
17044,34
17045,34
17046,34
17047,34
17048,34
17049,34
17050,34
17051,34
17052,34
17053,34
17054,34
17055,34
17056,34
17057,34
17058,34
17059,34
17060,34
17061,34
17062,34
17063,34
17064,34
17065,34
17066,34
17067,34
17068,34
17069,34
17070,34
17071,34
17072,34
17073,34
17074,34
17075,34
17076,34
17077,34
17078,34
17079,34
17080,34
17081,34
17082,34
17083,34
17084,34
17085,34
17086,34
17087,34
17088,34
17089,34
17090,34
17091,34
17092,34
17093,34
17094,34
17095,34
17096,34
17097,34
17098,34
17099,34
17100,34
17325,35
17326,35
17327,35
17328,35
17329,35
17330,35
17331,35
17332,35
17333,35
17334,35
17335,35
17336,35
17337,35
17338,35
17339,35
17340,35
17341,35
17342,35
17343,35
17344,35
17345,35
17346,35
17347,35
17348,35
17349,35
17350,35
17351,35
17352,35
17353,35
17354,35
17355,35
17356,35
17357,35
17358,35
17359,35
17360,35
17361,35
17362,35
17363,35
17364,35
17365,35
17366,35
17367,35
17368,35
17369,35
17370,35
17371,35
17372,35
17373,35
17374,35
17375,35
17376,35
17377,35
17378,35
17379,35
17380,35
17381,35
17382,35
17383,35
17384,35
17385,35
17386,35
17387,35
17388,35
17389,35
17390,35
17391,35
17392,35
17393,35
17394,35
17395,35
17396,35
17397,35
17398,35
17399,35
17400,35
17401,35
17402,35
17403,35
17404,35
17405,35
17406,35
17407,35
17408,35
17409,35
17410,35
17411,35
17412,35
17413,35
17414,35
17415,35
17416,35
17417,35
17418,35
17419,35
17420,35
17421,35
17422,35
17423,35
17424,35
17425,35
17426,35
17427,35
17428,35
17429,35
17430,35
17431,35
17432,35
17433,35
17434,35
17435,35
17436,35
17437,35
17438,35
17439,35
17440,35
17441,35
17442,35
17443,35
17444,35
17445,35
17446,35
17447,35
17448,35
17449,35
17450,35
17451,35
17452,35
17453,35
17454,35
17455,35
17456,35
17457,35
17458,35
17459,35
17460,35
17461,35
17462,35
17463,35
17464,35
17465,35
17466,35
17467,35
17468,35
17469,35
17470,35
17471,35
17472,35
17473,35
17474,35
17475,35
17476,35
17477,35
17478,35
17479,35
17480,35
17481,35
17482,35
17483,35
17484,35
17485,35
17486,35
17487,35
17488,35
17489,35
17490,35
17491,35
17492,35
17493,35
17494,35
17495,35
17496,35
17497,35
17498,35
17499,35
17500,35
17501,35
17502,35
17503,35
17504,35
17505,35
17506,35
17507,35
17508,35
17509,35
17510,35
17511,35
17512,35
17513,35
17514,35
17515,35
17516,35
17517,35
17518,35
17519,35
17520,35
17521,35
17522,35
17523,35
17524,35
17525,35
17526,35
17527,35
17528,35
17529,35
17530,35
17531,35
17532,35
17533,35
17534,35
17535,35
17536,35
17537,35
17538,35
17539,35
17540,35
17541,35
17542,35
17543,35
17544,35
17545,35
17546,35
17547,35
17548,35
2172,4
2173,4
2174,4
2175,4
2176,4
2177,4
2178,4
2179,4
2180,4
2181,4
2182,4
2183,4
2184,4
2185,4
2186,4
2187,4
2188,4
2189,4
2190,4
2191,4
2192,4
2193,4
2194,4
2195,4
2196,4
2197,4
2198,4
2199,4
2200,4
2201,4
2202,4
2203,4
2204,4
2205,4
2206,4
2207,4
2208,4
2209,4
2210,4
2211,4
2212,4
2213,4
2214,4
2215,4
2216,4
2217,4
2218,4
2219,4
2220,4
2221,4
2222,4
2223,4
2224,4
2225,4
2226,4
2227,4
2228,4
2229,4
2230,4
2231,4
2232,4
2233,4
2234,4
2235,4
2236,4
2237,4
2238,4
2239,4
2240,4
2241,4
2242,4
2243,4
2244,4
2245,4
2246,4
2247,4
2248,4
2249,4
2250,4
2251,4
2252,4
2253,4
2254,4
2255,4
2256,4
2257,4
2258,4
2259,4
2260,4
2261,4
2262,4
2263,4
2264,4
2265,4
2266,4
2267,4
2268,4
2269,4
2270,4
2271,4
2272,4
2273,4
2274,4
2275,4
2276,4
2277,4
2278,4
2279,4
2280,4
2281,4
2282,4
2283,4
2284,4
2285,4
2286,4
2287,4
2288,4
2289,4
2290,4
2291,4
2292,4
2293,4
2294,4
2295,4
2296,4
2297,4
2298,4
2299,4
2300,4
2301,4
2302,4
2303,4
2304,4
2305,4
2306,4
2307,4
2308,4
2309,4
2310,4
2311,4
2312,4
2313,4
2314,4
2315,4
2316,4
2317,4
2318,4
2319,4
2320,4
2321,4
2322,4
2323,4
2324,4
2325,4
2326,4
2327,4
2328,4
2329,4
2330,4
2331,4
2332,4
2333,4
2334,4
2335,4
2336,4
2337,4
2338,4
2339,4
2340,4
2341,4
2342,4
2343,4
2344,4
2345,4
2346,4
2347,4
2348,4
2349,4
2350,4
2351,4
2352,4
2353,4
2354,4
2355,4
2356,4
2357,4
2358,4
2359,4
2360,4
2361,4
2362,4
2363,4
2364,4
2365,4
2366,4
2367,4
2368,4
2369,4
2370,4
2371,4
2372,4
2373,4
2374,4
2375,4
2376,4
2377,4
2378,4
2379,4
2380,4
2381,4
2382,4
2383,4
2384,4
2385,4
2386,4
2387,4
2388,4
2389,4
2390,4
2391,4
2392,4
2393,4
2394,4
2395,4
2396,4
2397,4
2398,4
2399,4
2400,4
2401,4
2402,4
2403,4
2404,4
2405,4
3112,5
3113,5
3114,5
3115,5
3116,5
3117,5
3118,5
3119,5
3120,5
3121,5
3122,5
3123,5
3124,5
3125,5
3126,5
3127,5
3128,5
3129,5
3130,5
3131,5
3132,5
3133,5
3134,5
3135,5
3136,5
3137,5
3138,5
3139,5
3140,5
3141,5
3142,5
3143,5
3144,5
3145,5
3146,5
3147,5
3148,5
3149,5
3150,5
3151,5
3152,5
3153,5
3154,5
3155,5
3156,5
3157,5
3158,5
3159,5
3160,5
3161,5
3162,5
3163,5
3164,5
3165,5
3166,5
3167,5
3168,5
3169,5
3170,5
3171,5
3172,5
3173,5
3174,5
3175,5
3176,5
3177,5
3178,5
3179,5
3180,5
3181,5
3182,5
3183,5
3184,5
3185,5
3186,5
3187,5
3188,5
3189,5
3190,5
3191,5
3192,5
3193,5
3194,5
3195,5
3196,5
3197,5
3198,5
3199,5
3200,5
3201,5
3202,5
3203,5
3204,5
3205,5
3206,5
3207,5
3208,5
3209,5
3210,5
3211,5
3212,5
3213,5
3214,5
3215,5
3216,5
3217,5
3218,5
3219,5
3220,5
3221,5
3222,5
3223,5
3224,5
3225,5
3226,5
3227,5
3228,5
3229,5
3230,5
3231,5
3232,5
3233,5
3234,5
3235,5
3236,5
3237,5
3238,5
3239,5
3240,5
3241,5
3242,5
3243,5
3244,5
3245,5
3246,5
3247,5
3248,5
3249,5
3250,5
3251,5
3252,5
3253,5
3254,5
3255,5
3256,5
3257,5
3258,5
3259,5
3260,5
3261,5
3262,5
3263,5
3264,5
3265,5
3266,5
3267,5
3268,5
3269,5
3270,5
3271,5
3272,5
3273,5
3274,5
3275,5
3276,5
3277,5
3278,5
3279,5
3280,5
3281,5
3282,5
3283,5
3284,5
3285,5
3286,5
3287,5
3288,5
3289,5
3290,5
3611,6
3612,6
3613,6
3614,6
3615,6
3616,6
3617,6
3618,6
3619,6
3620,6
3621,6
3622,6
3623,6
3624,6
3625,6
3626,6
3627,6
3628,6
3629,6
3630,6
3631,6
3632,6
3633,6
3634,6
3635,6
3636,6
3637,6
3638,6
3639,6
3640,6
3641,6
3642,6
3643,6
3644,6
3645,6
3646,6
3647,6
3648,6
3649,6
3650,6
3651,6
3652,6
3653,6
3654,6
3655,6
3656,6
3657,6
3658,6
3659,6
3660,6
3661,6
3662,6
3663,6
3664,6
3665,6
3666,6
3667,6
3668,6
3669,6
3670,6
3671,6
3672,6
3673,6
3674,6
3675,6
3676,6
3677,6
3678,6
3679,6
3680,6
3681,6
3682,6
3683,6
3684,6
3685,6
3686,6
3687,6
3688,6
3689,6
3690,6
3691,6
3692,6
3693,6
3694,6
3695,6
3696,6
3697,6
3698,6
3699,6
3700,6
3701,6
3702,6
3703,6
3704,6
3705,6
3706,6
3707,6
3708,6
3709,6
3710,6
3711,6
3712,6
3713,6
3714,6
3715,6
3716,6
3717,6
3718,6
3719,6
3720,6
3721,6
3722,6
3723,6
3724,6
3725,6
3726,6
3727,6
3728,6
3729,6
3730,6
3731,6
3732,6
3733,6
3734,6
3735,6
3736,6
3737,6
3738,6
3739,6
3740,6
3741,6
3742,6
3743,6
3744,6
3745,6
3746,6
3747,6
3748,6
3749,6
3750,6
3751,6
3752,6
3753,6
3754,6
3755,6
3756,6
3757,6
3758,6
3759,6
3760,6
3761,6
3762,6
3763,6
3764,6
3765,6
3766,6
3767,6
3768,6
3769,6
3770,6
3771,6
3772,6
3773,6
3774,6
3775,6
3776,6
3777,6
3778,6
3779,6
3780,6
3781,6
3782,6
3783,6
3784,6
3785,6
3786,6
3787,6
3788,6
3789,6
3790,6
3791,6
3792,6
4119,7
4120,7
4121,7
4122,7
4123,7
4124,7
4125,7
4126,7
4127,7
4128,7
4129,7
4130,7
4131,7
4132,7
4133,7
4134,7
4135,7
4136,7
4137,7
4138,7
4139,7
4140,7
4141,7
4142,7
4143,7
4144,7
4145,7
4146,7
4147,7
4148,7
4149,7
4150,7
4151,7
4152,7
4153,7
4154,7
4155,7
4156,7
4157,7
4158,7
4159,7
4160,7
4161,7
4162,7
4163,7
4164,7
4165,7
4166,7
4167,7
4168,7
4169,7
4170,7
4171,7
4172,7
4173,7
4174,7
4175,7
4176,7
4177,7
4178,7
4179,7
4180,7
4181,7
4182,7
4183,7
4184,7
4185,7
4186,7
4187,7
4188,7
4189,7
4190,7
4191,7
4192,7
4193,7
4194,7
4195,7
4196,7
4197,7
4198,7
4199,7
4200,7
4201,7
4202,7
4203,7
4204,7
4205,7
4206,7
4207,7
4208,7
4209,7
4210,7
4211,7
4212,7
4213,7
4214,7
4215,7
4216,7
4217,7
4218,7
4219,7
4220,7
4221,7
4222,7
4223,7
4224,7
4225,7
4226,7
430,1
431,1
432,1
433,1
434,1
435,1
436,1
437,1
438,1
439,1
440,1
441,1
442,1
443,1
444,1
4440,8
4441,8
4442,8
4443,8
4444,8
4445,8
4446,8
4447,8
4448,8
4449,8
445,1
4450,8
4451,8
4452,8
4453,8
4454,8
4455,8
4456,8
4457,8
4458,8
4459,8
446,1
4460,8
4461,8
4462,8
4463,8
4464,8
4465,8
4466,8
4467,8
4468,8
4469,8
447,1
4470,8
4471,8
4472,8
4473,8
4474,8
4475,8
4476,8
4477,8
4478,8
4479,8
448,1
4480,8
4481,8
4482,8
4483,8
4484,8
4485,8
4486,8
4487,8
4488,8
4489,8
449,1
4490,8
4491,8
4492,8
4493,8
4494,8
4495,8
4496,8
4497,8
4498,8
4499,8
450,1
4500,8
4501,8
4502,8
4503,8
4504,8
4505,8
4506,8
4507,8
4508,8
4509,8
451,1
4510,8
4511,8
4512,8
4513,8
4514,8
4515,8
4516,8
4517,8
4518,8
4519,8
452,1
4520,8
4521,8
4522,8
4523,8
4524,8
4525,8
4526,8
4527,8
4528,8
4529,8
453,1
4530,8
4531,8
4532,8
4533,8
4534,8
4535,8
4536,8
4537,8
4538,8
4539,8
454,1
4540,8
4541,8
4542,8
4543,8
4544,8
4545,8
4546,8
4547,8
455,1
456,1
457,1
458,1
459,1
460,1
461,1
462,1
463,1
464,1
465,1
466,1
467,1
468,1
469,1
470,1
471,1
472,1
473,1
474,1
475,1
476,1
4761,9
4762,9
4763,9
4764,9
4765,9
4766,9
4767,9
4768,9
4769,9
477,1
4770,9
4771,9
4772,9
4773,9
4774,9
4775,9
4776,9
4777,9
4778,9
4779,9
478,1
4780,9
4781,9
4782,9
4783,9
4784,9
4785,9
4786,9
4787,9
4788,9
4789,9
479,1
4790,9
4791,9
4792,9
4793,9
4794,9
4795,9
4796,9
4797,9
4798,9
4799,9
480,1
4800,9
4801,9
4802,9
4803,9
4804,9
4805,9
4806,9
4807,9
4808,9
4809,9
481,1
4810,9
4811,9
4812,9
4813,9
4814,9
4815,9
4816,9
4817,9
4818,9
4819,9
482,1
4820,9
4821,9
4822,9
4823,9
4824,9
4825,9
4826,9
4827,9
4828,9
4829,9
483,1
4830,9
4831,9
4832,9
4833,9
4834,9
4835,9
4836,9
4837,9
4838,9
4839,9
484,1
4840,9
4841,9
4842,9
4843,9
4844,9
4845,9
4846,9
4847,9
4848,9
4849,9
485,1
4850,9
4851,9
4852,9
4853,9
4854,9
4855,9
4856,9
4857,9
4858,9
4859,9
486,1
4860,9
4861,9
4862,9
4863,9
4864,9
4865,9
4866,9
4867,9
4868,9
4869,9
487,1
4870,9
4871,9
4872,9
4873,9
4874,9
4875,9
4876,9
4877,9
4878,9
4879,9
488,1
4880,9
4881,9
4882,9
4883,9
4884,9
4885,9
4886,9
4887,9
4888,9
4889,9
489,1
4890,9
4891,9
490,1
491,1
492,1
493,1
494,1
495,1
496,1
497,1
498,1
499,1
500,1
501,1
502,1
503,1
504,1
505,1
506,1
507,1
508,1
509,1
510,1
511,1
512,1
5121,10
5122,10
5123,10
5124,10
5125,10
5126,10
5127,10
5128,10
5129,10
513,1
5130,10
5131,10
5132,10
5133,10
5134,10
5135,10
5136,10
5137,10
5138,10
5139,10
514,1
5140,10
5141,10
5142,10
5143,10
5144,10
5145,10
5146,10
5147,10
5148,10
5149,10
515,1
5150,10
5151,10
5152,10
5153,10
5154,10
5155,10
5156,10
5157,10
5158,10
5159,10
516,1
5160,10
5161,10
5162,10
5163,10
5164,10
5165,10
5166,10
5167,10
5168,10
5169,10
517,1
5170,10
5171,10
5172,10
5173,10
5174,10
5175,10
5176,10
5177,10
5178,10
5179,10
518,1
5180,10
5181,10
5182,10
5183,10
5184,10
5185,10
5186,10
5187,10
5188,10
5189,10
519,1
5190,10
5191,10
5192,10
5193,10
5194,10
5195,10
5196,10
5197,10
5198,10
5199,10
520,1
5200,10
5201,10
5202,10
5203,10
5204,10
5205,10
5206,10
5207,10
5208,10
5209,10
521,1
5210,10
5211,10
5212,10
5213,10
5214,10
5215,10
5216,10
5217,10
5218,10
5219,10
522,1
5220,10
5221,10
5222,10
5223,10
5224,10
5225,10
5226,10
5227,10
5228,10
5229,10
523,1
5230,10
5231,10
5232,10
5233,10
5234,10
5235,10
5236,10
5237,10
5238,10
5239,10
524,1
5240,10
5241,10
5242,10
5243,10
5244,10
5245,10
5246,10
5247,10
5248,10
5249,10
525,1
5250,10
5251,10
5252,10
5253,10
5254,10
526,1
527,1
528,1
529,1
530,1
531,1
532,1
533,1
534,1
535,1
536,1
537,1
538,1
539,1
540,1
541,1
542,1
543,1
544,1
545,1
546,1
547,1
548,1
5487,11
5488,11
5489,11
549,1
5490,11
5491,11
5492,11
5493,11
5494,11
5495,11
5496,11
5497,11
5498,11
5499,11
550,1
5500,11
5501,11
5502,11
5503,11
5504,11
5505,11
5506,11
5507,11
5508,11
5509,11
551,1
5510,11
5511,11
5512,11
5513,11
5514,11
5515,11
5516,11
5517,11
5518,11
5519,11
552,1
5520,11
5521,11
5522,11
5523,11
5524,11
5525,11
5526,11
5527,11
5528,11
5529,11
553,1
5530,11
5531,11
5532,11
5533,11
5534,11
5535,11
5536,11
5537,11
5538,11
5539,11
554,1
5540,11
5541,11
5542,11
5543,11
5544,11
5545,11
5546,11
5547,11
5548,11
5549,11
555,1
5550,11
5551,11
5552,11
5553,11
5554,11
5555,11
5556,11
5557,11
5558,11
5559,11
556,1
5560,11
5561,11
5562,11
5563,11
5564,11
5565,11
5566,11
5567,11
5568,11
5569,11
557,1
5570,11
5571,11
5572,11
5573,11
5574,11
5575,11
5576,11
5577,11
5578,11
5579,11
558,1
5580,11
5581,11
5582,11
5583,11
5584,11
5585,11
5586,11
5587,11
5588,11
5589,11
559,1
5590,11
5591,11
5592,11
5593,11
5594,11
5595,11
5596,11
5597,11
5598,11
5599,11
560,1
5600,11
5601,11
5602,11
5603,11
5604,11
5605,11
5606,11
5607,11
5608,11
5609,11
561,1
5610,11
5611,11
5612,11
5613,11
5614,11
5615,11
5616,11
5617,11
5618,11
5619,11
562,1
5620,11
5621,11
5622,11
5623,11
5624,11
5625,11
5626,11
5627,11
5628,11
5629,11
563,1
5630,11
5631,11
5632,11
5633,11
5634,11
5635,11
5636,11
5637,11
5638,11
5639,11
564,1
5640,11
5641,11
5642,11
5643,11
5644,11
5645,11
5646,11
5647,11
5648,11
5649,11
565,1
5650,11
5651,11
5652,11
5653,11
5654,11
5655,11
5656,11
5657,11
5658,11
5659,11
566,1
5660,11
5661,11
5662,11
5663,11
5664,11
5665,11
5666,11
5667,11
5668,11
567,1
568,1
569,1
570,1
571,1
572,1
573,1
574,1
575,1
576,1
577,1
578,1
579,1
580,1
581,1
582,1
583,1
584,1
585,1
586,1
587,1
588,1
6028,12
6029,12
6030,12
6031,12
6032,12
6033,12
6034,12
6035,12
6036,12
6037,12
6038,12
6039,12
6040,12
6041,12
6042,12
6043,12
6044,12
6045,12
6046,12
6047,12
6048,12
6049,12
6050,12
6051,12
6052,12
6053,12
6054,12
6055,12
6056,12
6057,12
6058,12
6059,12
6060,12
6061,12
6062,12
6063,12
6064,12
6065,12
6066,12
6067,12
6068,12
6069,12
6070,12
6071,12
6072,12
6073,12
6074,12
6075,12
6076,12
6077,12
6078,12
6079,12
6080,12
6081,12
6082,12
6083,12
6084,12
6085,12
6086,12
6087,12
6088,12
6089,12
6090,12
6091,12
6092,12
6093,12
6094,12
6095,12
6096,12
6097,12
6098,12
6099,12
6100,12
6101,12
6102,12
6103,12
6104,12
6105,12
6106,12
6107,12
6108,12
6109,12
6110,12
6111,12
6112,12
6113,12
6114,12
6115,12
6116,12
6117,12
6118,12
6119,12
6120,12
6121,12
6122,12
6123,12
6124,12
6125,12
6126,12
6127,12
6128,12
6129,12
6130,12
6131,12
6132,12
6133,12
6134,12
6135,12
6136,12
6137,12
6138,12
6139,12
6140,12
6141,12
6142,12
6143,12
6144,12
6145,12
6146,12
6147,12
6148,12
6149,12
6150,12
6151,12
6152,12
6153,12
6154,12
6155,12
6156,12
6157,12
6158,12
6159,12
6160,12
6161,12
6162,12
6163,12
6164,12
6165,12
6166,12
6167,12
6168,12
6169,12
6170,12
6171,12
6172,12
6173,12
6174,12
6175,12
6176,12
6177,12
6178,12
6179,12
6180,12
6181,12
6182,12
6183,12
6184,12
6185,12
6186,12
6187,12
6188,12
6189,12
6190,12
6191,12
6192,12
6193,12
6194,12
6195,12
6196,12
6197,12
6198,12
6199,12
6200,12
6201,12
6202,12
6203,12
6204,12
6205,12
6564,13
6565,13
6566,13
6567,13
6568,13
6569,13
6570,13
6571,13
6572,13
6573,13
6574,13
6575,13
6576,13
6577,13
6578,13
6579,13
6580,13
6581,13
6582,13
6583,13
6584,13
6585,13
6586,13
6587,13
6588,13
6589,13
6590,13
6591,13
6592,13
6593,13
6594,13
6595,13
6596,13
6597,13
6598,13
6599,13
6600,13
6601,13
6602,13
6603,13
6604,13
6605,13
6606,13
6607,13
6608,13
6609,13
6610,13
6611,13
6612,13
6613,13
6614,13
6615,13
6616,13
6617,13
6618,13
6619,13
6620,13
6621,13
6622,13
6623,13
6624,13
6625,13
6626,13
6627,13
6628,13
6629,13
6630,13
6631,13
6632,13
6633,13
6634,13
6635,13
6636,13
6637,13
6638,13
6639,13
6792,14
6793,14
6794,14
6795,14
6796,14
6797,14
6798,14
6799,14
6800,14
6801,14
6802,14
6803,14
6804,14
6805,14
6806,14
6807,14
6808,14
6809,14
6810,14
6811,14
6812,14
6813,14
6814,14
6815,14
6816,14
6817,14
6818,14
6819,14
6820,14
6821,14
6822,14
6823,14
6824,14
6825,14
6826,14
6827,14
6828,14
6829,14
6830,14
6831,14
6832,14
6833,14
6834,14
6835,14
6836,14
6837,14
6838,14
6839,14
6840,14
6841,14
6842,14
6843,14
6844,14
6845,14
6846,14
6847,14
6848,14
6849,14
6850,14
6851,14
6852,14
6853,14
6854,14
6855,14
6856,14
6857,14
6858,14
6859,14
6860,14
6861,14
6862,14
6863,14
6864,14
6865,14
6866,14
6867,14
6868,14
6869,14
6870,14
6871,14
6872,14
6873,14
6874,14
6875,14
6876,14
6877,14
6878,14
6879,14
6880,14
6881,14
6882,14
6883,14
6884,14
6885,14
6886,14
6887,14
6888,14
6889,14
6890,14
6891,14
6892,14
6893,14
6894,14
6895,14
6896,14
6897,14
6898,14
6899,14
6900,14
6901,14
6902,14
6903,14
7128,15
7129,15
7130,15
7131,15
7132,15
7133,15
7134,15
7135,15
7136,15
7137,15
7138,15
7139,15
7140,15
7141,15
7142,15
7143,15
7144,15
7145,15
7146,15
7147,15
7148,15
7149,15
7150,15
7151,15
7152,15
7153,15
7154,15
7155,15
7156,15
7157,15
7158,15
7159,15
7160,15
7161,15
7162,15
7163,15
7164,15
7165,15
7166,15
7167,15
7168,15
7169,15
7170,15
7171,15
7172,15
7173,15
7174,15
7175,15
7176,15
7177,15
7178,15
7179,15
7180,15
7181,15
7182,15
7183,15
7184,15
7185,15
7186,15
7187,15
7188,15
7189,15
7190,15
7191,15
7192,15
7193,15
7194,15
7195,15
7196,15
7197,15
7198,15
7199,15
7200,15
7201,15
7202,15
7203,15
7204,15
7205,15
7206,15
7207,15
7208,15
7209,15
7210,15
7211,15
7212,15
7213,15
7214,15
7215,15
7216,15
7217,15
7218,15
7219,15
7220,15
7221,15
7222,15
7223,15
7224,15
7225,15
7226,15
7227,15
7228,15
7229,15
7230,15
7231,15
7232,15
7233,15
7234,15
7235,15
7236,15
7237,15
7238,15
7239,15
7240,15
7241,15
7242,15
7243,15
7244,15
7245,15
7246,15
7247,15
7248,15
7249,15
7250,15
7251,15
7252,15
7253,15
7254,15
7255,15
7256,15
7257,15
7258,15
7259,15
7260,15
7261,15
7262,15
7263,15
7264,15
7265,15
7266,15
7267,15
7268,15
7269,15
7270,15
7271,15
7272,15
7273,15
7274,15
7275,15
7276,15
7277,15
7278,15
7279,15
7280,15
7281,15
7282,15
7283,15
7284,15
7285,15
7286,15
7287,15
7288,15
7289,15
7290,15
7291,15
7292,15
7293,15
7294,15
7295,15
7296,15
7297,15
7298,15
7299,15
7300,15
7301,15
7302,15
7303,15
7304,15
7305,15
7306,15
7307,15
7308,15
7309,15
7310,15
7311,15
7312,15
7313,15
7314,15
7315,15
7316,15
7317,15
7318,15
7319,15
7320,15
7321,15
7322,15
7323,15
8325,16
8326,16
8327,16
8328,16
8329,16
8330,16
8331,16
8332,16
8333,16
8334,16
8335,16
8336,16
8337,16
8338,16
8339,16
8340,16
8341,16
8342,16
8343,16
8344,16
8345,16
8346,16
8347,16
8348,16
8349,16
8350,16
8351,16
8352,16
8353,16
8354,16
8355,16
8356,16
8357,16
8358,16
8359,16
8360,16
8361,16
8362,16
8363,16
8364,16
8365,16
8366,16
8367,16
8368,16
8369,16
8370,16
8371,16
8372,16
8373,16
8374,16
8375,16
8376,16
8377,16
8378,16
8379,16
8380,16
8381,16
8382,16
8383,16
8384,16
8385,16
8386,16
8387,16
8388,16
8389,16
8390,16
8391,16
8392,16
8393,16
8394,16
8395,16
8396,16
8397,16
8398,16
8399,16
8400,16
8401,16
8402,16
8403,16
8404,16
8405,16
8406,16
8407,16
8408,16
8409,16
8410,16
8411,16
8412,16
8413,16
8414,16
8415,16
8416,16
8417,16
8418,16
8419,16
8420,16
8421,16
8422,16
8423,16
8424,16
8425,16
8426,16
8427,16
8428,16
8429,16
8430,16
8431,16
8432,16
8433,16
8434,16
8435,16
8436,16
8661,17
8662,17
8663,17
8664,17
8665,17
8666,17
8667,17
8668,17
8669,17
8670,17
8671,17
8672,17
8673,17
8674,17
8675,17
8676,17
8677,17
8678,17
8679,17
8680,17
8681,17
8682,17
8683,17
8684,17
8685,17
8686,17
8687,17
8688,17
8689,17
8690,17
8691,17
8692,17
8693,17
8694,17
8695,17
8696,17
8697,17
8698,17
8699,17
8700,17
8701,17
8702,17
8703,17
8704,17
8705,17
8706,17
8707,17
8708,17
8709,17
8710,17
8711,17
8712,17
8713,17
8714,17
8715,17
8716,17
8717,17
8718,17
8719,17
8720,17
8721,17
8722,17
8723,17
8724,17
8725,17
8726,17
8727,17
8728,17
8729,17
8730,17
8731,17
8732,17
8733,17
8734,17
8735,17
8736,17
8737,17
8738,17
8739,17
8740,17
8741,17
8742,17
8743,17
8744,17
8745,17
8746,17
8747,17
8748,17
8749,17
8750,17
8751,17
8752,17
8753,17
8754,17
8755,17
8756,17
8757,17
8758,17
8759,17
8760,17
8761,17
8762,17
8763,17
8764,17
8765,17
8766,17
8767,17
8768,17
8769,17
8770,17
8771,17
8772,17
8773,17
8774,17
8775,17
8776,17
8777,17
8778,17
8779,17
8780,17
8781,17
8782,17
8783,17
8784,17
8785,17
8786,17
8787,17
8788,17
8789,17
8790,17
8791,17
8792,17
8793,17
8794,17
8795,17
8796,17
8797,17
8798,17
8799,17
8800,17
8801,17
8802,17
8803,17
8804,17
8805,17
8806,17
8807,17
8808,17
8809,17
8810,17
8811,17
8812,17
8813,17
8814,17
8815,17
8816,17
8817,17
8818,17
8819,17
8820,17
8821,17
8822,17
8823,17
8824,17
8825,17
8826,17
8827,17
8828,17
8829,17
8830,17
8831,17
8832,17
8833,17
8834,17
8835,17
8836,17
8837,17
8838,17
8839,17
8840,17
8841,17
8842,17
8843,17
8844,17
8845,17
8846,17
8847,17
8848,17
8849,17
8850,17
8851,17
8852,17
8853,17
8854,17
8855,17
8856,17
8857,17
8858,17
8859,17
8860,17
8861,17
8862,17
8863,17
8864,17
8865,17
8866,17
8867,17
8868,17
8869,17
8870,17
8871,17
8872,17
8873,17
8874,17
8875,17
8876,17
8877,17
8878,17
8879,17
8880,17
8881,17
8882,17
8883,17
8884,17
9333,18
9334,18
9335,18
9336,18
9337,18
9338,18
9339,18
9340,18
9341,18
9342,18
9343,18
9344,18
9345,18
9346,18
9347,18
9348,18
9349,18
9350,18
9351,18
9352,18
9353,18
9354,18
9355,18
9356,18
9357,18
9358,18
9359,18
9360,18
9361,18
9362,18
9363,18
9364,18
9365,18
9366,18
9367,18
9368,18
9369,18
9370,18
9371,18
9372,18
9373,18
9374,18
9375,18
9376,18
9377,18
9378,18
9379,18
9380,18
9381,18
9382,18
9383,18
9384,18
9385,18
9386,18
9387,18
9388,18
9389,18
9390,18
9391,18
9392,18
9393,18
9394,18
9395,18
9396,18
9397,18
9398,18
9399,18
9400,18
9401,18
9402,18
9403,18
9404,18
9405,18
9406,18
9407,18
9408,18
9409,18
9410,18
9411,18
9412,18
9413,18
9414,18
9415,18
9416,18
9417,18
9418,18
9419,18
9420,18
9421,18
9422,18
9423,18
9424,18
9425,18
9426,18
9427,18
9428,18
9429,18
9430,18
9431,18
9432,18
9433,18
9434,18
9435,18
9436,18
9437,18
9438,18
9439,18
9440,18
9441,18
9442,18
9443,18
9444,18
9445,18
9446,18
9447,18
9448,18
9449,18
9450,18
9451,18
9452,18
9453,18
9454,18
9455,18
9456,18
9457,18
9458,18
9459,18
9460,18
9461,18
9462,18
9463,18
9464,18
9465,18
9466,18
9467,18
9468,18
9469,18
9470,18
9471,18
9472,18
9473,18
9474,18
9475,18
9476,18
9477,18
9478,18
9479,18
9480,18
9481,18
9482,18
9483,18
9484,18
9485,18
9486,18
9487,18
9488,18
9489,18
9490,18
9491,18
